classifier,dataset,optimizer,all_fitness,best,avg,std_dev,acc,n_features,selected_rate,execution_time
knn,iris,fa,"[0.0050000000000000044, 0.5, 0.0025000000000000022, 0.0050000000000000044, 0.16999999999999996]",0.002,0.136,0.193,0.867,1.8,0.45,0.783
svc,iris,fa,"[0.007500000000000007, 0.17249999999999996, 0.0050000000000000044, 0.16749999999999995, 0.0050000000000000044]",0.005,0.071,0.08,0.933,2.2,0.55,0.632
knn,iris,goa,"[0.007500000000000007, 0.010000000000000009, 0.010000000000000009, 0.007500000000000007, 0.0050000000000000044]",0.005,0.008,0.002,1.0,3.2,0.8,8.142
svc,iris,goa,"[0.010000000000000009, 0.8350000000000001, 0.010000000000000009, 0.17499999999999996, 0.010000000000000009]",0.01,0.208,0.32,0.8,4.0,1.0,5.387
knn,iris,woa,"[0.0025000000000000022, 0.0025000000000000022, 0.0025000000000000022, 0.16749999999999995, 0.0025000000000000022]",0.002,0.035,0.066,0.967,1.0,0.25,8.097
svc,iris,woa,"[0.16749999999999995, 0.0025000000000000022, 0.010000000000000009, 0.335, 0.0025000000000000022]",0.002,0.104,0.132,0.9,1.8,0.45,5.261
knn,iris,da,"[0.0025000000000000022, 0.0025000000000000022, 0.0050000000000000044, 0.16999999999999996, 0.007500000000000007]",0.002,0.037,0.066,0.967,1.8,0.45,8.616
svc,iris,da,"[0.0025000000000000022, 0.16749999999999995, 0.0025000000000000022, 0.007500000000000007, 0.34]",0.002,0.104,0.134,0.9,2.0,0.5,5.903
knn,iris,pso,"[0.0025000000000000022, 0.0025000000000000022, 0.0050000000000000044, 0.16999999999999996, 0.4975]",0.002,0.136,0.192,0.867,1.4,0.35,7.796
svc,iris,pso,"[0.007500000000000007, 0.3325, 0.0025000000000000022, 0.0025000000000000022, 0.16749999999999995]",0.002,0.102,0.131,0.9,1.4,0.35,4.997
knn,iris,aco,"[0.0025000000000000022, 0.0025000000000000022, 0.16749999999999995, 0.007500000000000007, 0.3375]",0.002,0.104,0.133,0.9,1.8,0.45,7.914
svc,iris,aco,"[0.0050000000000000044, 0.0025000000000000022, 0.0025000000000000022, 0.16749999999999995, 0.16749999999999995]",0.002,0.069,0.08,0.933,1.2,0.3,5.375
knn,iris,de,"[0.0025000000000000022, 0.16749999999999995, 0.16749999999999995, 0.0025000000000000022, 0.16749999999999995]",0.002,0.101,0.081,0.9,1.0,0.25,8.083
svc,iris,de,"[0.16749999999999995, 0.0050000000000000044, 0.0025000000000000022, 0.16749999999999995, 0.0025000000000000022]",0.002,0.069,0.08,0.933,1.2,0.3,5.272
knn,iris,cs,"[0.0025000000000000022, 0.0025000000000000022, 0.0050000000000000044, 0.16999999999999996, 0.0050000000000000044]",0.002,0.037,0.067,0.967,1.6,0.4,11.269
svc,iris,cs,"[0.3325, 0.16749999999999995, 0.0025000000000000022, 0.16749999999999995, 0.0025000000000000022]",0.002,0.134,0.123,0.867,1.0,0.25,7.416
knn,iris,ga,"[0.16749999999999995, 0.0025000000000000022, 0.0050000000000000044, 0.0025000000000000022, 0.16999999999999996]",0.002,0.069,0.081,0.933,1.4,0.35,14.111
svc,iris,ga,"[0.17249999999999996, 0.3325, 0.16749999999999995, 0.16749999999999995, 0.3325]",0.167,0.234,0.08,0.767,1.4,0.35,9.428
knn,iris,ba,"[0.0025000000000000022, 0.0025000000000000022, 0.16749999999999995, 0.16749999999999995, 0.0025000000000000022]",0.002,0.068,0.081,0.933,1.0,0.25,15.36
svc,iris,ba,"[0.16999999999999996, 0.010000000000000009, 0.3325, 0.16749999999999995, 0.16999999999999996]",0.01,0.17,0.102,0.833,2.0,0.5,10.209
knn,iris,gwo,"[0.16749999999999995, 0.0025000000000000022, 0.0050000000000000044, 0.17249999999999996, 0.3325]",0.002,0.136,0.123,0.867,1.6,0.4,31.161
svc,iris,gwo,"[0.16749999999999995, 0.3325, 0.0025000000000000022, 0.3325, 0.0025000000000000022]",0.002,0.167,0.148,0.833,1.0,0.25,20.048
knn,iris,abco,"[0.007500000000000007, 0.0050000000000000044, 0.0025000000000000022, 0.16749999999999995, 0.0025000000000000022]",0.002,0.037,0.065,0.967,1.6,0.4,51.862
svc,iris,abco,"[0.007500000000000007, 0.665, 0.0025000000000000022, 0.0025000000000000022, 0.010000000000000009]",0.002,0.138,0.264,0.867,2.2,0.55,34.176
knn,breast-cancer,fa,"[0.25305555555555553, 0.33555555555555555, 0.41583333333333333, 0.17055555555555552, 0.3344444444444445]",0.171,0.302,0.083,0.7,4.4,0.489,1.359
svc,breast-cancer,fa,"[0.1694444444444444, 0.08583333333333337, 0.08694444444444448, 0.24972222222222223, 0.09138888888888892]",0.086,0.137,0.065,0.867,4.2,0.467,1.358
knn,breast-cancer,goa,"[0.33555555555555555, 0.33666666666666667, 0.33555555555555555, 0.33555555555555555, 0.5016666666666667]",0.336,0.369,0.066,0.633,5.4,0.6,10.754
svc,breast-cancer,goa,"[0.5027777777777778, 0.08694444444444448, 0.25083333333333335, 0.41694444444444445, 0.33555555555555555]",0.087,0.319,0.143,0.683,4.6,0.511,8.315
knn,breast-cancer,woa,"[0.08583333333333337, 0.33222222222222225, 0.49944444444444447, 0.33666666666666667, 0.4180555555555555]",0.086,0.334,0.139,0.667,4.0,0.444,10.472
svc,breast-cancer,woa,"[0.24861111111111112, 0.25194444444444447, 0.33555555555555555, 0.24972222222222223, 0.25083333333333335]",0.249,0.267,0.034,0.733,3.0,0.333,8.103
knn,breast-cancer,da,"[0.25083333333333335, 0.33666666666666667, 0.505, 0.25194444444444447, 0.49944444444444447]",0.251,0.369,0.113,0.633,5.2,0.578,10.826
svc,breast-cancer,da,"[0.41583333333333333, 0.33555555555555555, 0.24972222222222223, 0.4147222222222222, 0.08472222222222225]",0.085,0.3,0.124,0.7,2.8,0.311,8.424
knn,breast-cancer,aco,"[0.25083333333333335, 0.24972222222222223, 0.49944444444444447, 0.16833333333333328, 0.33222222222222225]",0.168,0.3,0.112,0.7,2.8,0.311,10.459
svc,breast-cancer,aco,"[0.24972222222222223, 0.33222222222222225, 0.33111111111111113, 0.4147222222222222, 0.1672222222222222]",0.167,0.299,0.084,0.7,1.8,0.2,7.24
knn,breast-cancer,pso,"[0.33666666666666667, 0.5819444444444444, 0.16833333333333328, 0.0891666666666667, 0.33555555555555555]",0.089,0.302,0.17,0.7,4.8,0.533,10.05
svc,breast-cancer,pso,"[0.49833333333333335, 0.33222222222222225, 0.24972222222222223, 0.25305555555555553, 0.5808333333333332]",0.25,0.383,0.134,0.617,3.0,0.333,7.425
knn,breast-cancer,de,"[0.3344444444444445, 0.25305555555555553, 0.5797222222222221, 0.49833333333333335, 0.33555555555555555]",0.253,0.4,0.12,0.6,3.8,0.422,10.525
svc,breast-cancer,de,"[0.1694444444444444, 0.41694444444444445, 0.33333333333333337, 0.16833333333333328, 0.24972222222222223]",0.168,0.268,0.096,0.733,3.2,0.356,7.933
knn,breast-cancer,cs,"[0.0891666666666667, 0.25416666666666665, 0.25305555555555553, 0.33333333333333337, 0.5016666666666667]",0.089,0.286,0.134,0.717,5.2,0.578,14.235
svc,breast-cancer,cs,"[0.25194444444444447, 0.17166666666666663, 0.1672222222222222, 0.41916666666666663, 0.33555555555555555]",0.167,0.269,0.097,0.733,4.6,0.511,11.014
knn,breast-cancer,ga,"[0.5830555555555554, 0.4180555555555555, 0.4136111111111111, 0.1694444444444444, 0.4147222222222222]",0.169,0.4,0.132,0.6,3.4,0.378,17.831
svc,breast-cancer,ga,"[0.08583333333333337, 0.24972222222222223, 0.25194444444444447, 0.4147222222222222, 0.17055555555555552]",0.086,0.235,0.109,0.767,3.2,0.356,13.288
knn,breast-cancer,ba,"[0.25527777777777777, 0.3344444444444445, 0.33555555555555555, 0.5797222222222221, 0.17166666666666663]",0.172,0.335,0.136,0.667,4.8,0.533,20.182
svc,breast-cancer,ba,"[0.25194444444444447, 0.4147222222222222, 0.33555555555555555, 0.25305555555555553, 0.25194444444444447]",0.252,0.301,0.065,0.7,4.0,0.444,15.437
knn,breast-cancer,gwo,"[0.4147222222222222, 0.41694444444444445, 0.17277777777777772, 0.25305555555555553, 0.08694444444444448]",0.087,0.269,0.131,0.733,4.4,0.489,38.102
svc,breast-cancer,gwo,"[0.24972222222222223, 0.08472222222222225, 0.25194444444444447, 0.33555555555555555, 0.4147222222222222]",0.085,0.267,0.11,0.733,3.0,0.333,28.991
knn,breast-cancer,abco,"[0.3344444444444445, 0.49944444444444447, 0.1694444444444444, 0.33555555555555555, 0.3344444444444445]",0.169,0.335,0.104,0.667,4.2,0.467,64.274
svc,breast-cancer,abco,"[0.33333333333333337, 0.33222222222222225, 0.33222222222222225, 0.4147222222222222, 0.3344444444444445]",0.332,0.349,0.033,0.65,2.6,0.289,50.832
knn,wine,fa,"[0.12836538461538463, 0.005384615384615389, 0.12836538461538463, 0.42890109890109895, 0.14527472527472535]",0.005,0.167,0.14,0.836,6.0,0.462,1.55
svc,wine,fa,"[0.00307692307692308, 0.5026923076923077, 0.3758653846153846, 0.28901098901098904, 0.4296703296703297]",0.003,0.32,0.173,0.682,7.0,0.538,1.17
knn,wine,goa,"[0.25134615384615383, 0.6241346153846155, 0.1268269230769231, 0.00384615384615385, 0.710989010989011]",0.004,0.343,0.277,0.657,5.2,0.4,9.276
svc,wine,goa,"[0.12759615384615386, 0.1268269230769231, 0.49961538461538463, 0.42890109890109895, 0.4265934065934066]",0.127,0.322,0.161,0.679,4.8,0.369,6.662
knn,wine,da,"[0.12759615384615386, 0.37740384615384615, 0.00615384615384616, 0.7156043956043957, 0.00461538461538462]",0.005,0.246,0.271,0.757,7.6,0.585,9.028
svc,wine,da,"[0.00615384615384616, 0.24980769230769231, 0.7509615384615385, 0.5710989010989012, 0.5703296703296703]",0.006,0.43,0.266,0.571,7.0,0.538,6.4
knn,wine,woa,"[0.3750961538461538, 0.1268269230769231, 0.2505769230769231, 0.1437362637362638, 0.00230769230769231]",0.002,0.18,0.126,0.821,3.8,0.292,9.027
svc,wine,woa,"[0.2505769230769231, 0.2505769230769231, 0.745576923076923, 0.28593406593406595, 0.28516483516483515]",0.251,0.364,0.192,0.636,3.8,0.292,6.574
knn,wine,pso,"[0.00153846153846154, 0.12605769230769232, 0.4973076923076923, 0.1437362637362638, 0.00230769230769231]",0.002,0.154,0.182,0.846,2.8,0.215,8.579
svc,wine,pso,"[0.12759615384615386, 0.6210576923076924, 0.1268269230769231, 0.42582417582417587, 0.1437362637362638]",0.127,0.289,0.201,0.711,3.4,0.262,6.013
knn,wine,aco,"[0.12605769230769232, 0.24903846153846154, 0.12528846153846154, 0.28516483516483515, 0.14450549450549457]",0.125,0.186,0.068,0.814,2.8,0.215,8.83
svc,wine,aco,"[0.3727884615384615, 0.869326923076923, 0.1268269230769231, 0.00153846153846154, 0.8501098901098901]",0.002,0.444,0.36,0.554,2.8,0.215,6.557
knn,wine,de,"[0.00307692307692308, 0.1268269230769231, 0.24980769230769231, 0.14450549450549457, 0.28516483516483515]",0.003,0.162,0.1,0.839,3.6,0.277,8.819
svc,wine,de,"[0.37355769230769226, 0.12759615384615386, 0.12528846153846154, 0.5687912087912088, 0.28593406593406595]",0.125,0.296,0.166,0.704,3.6,0.277,6.452
knn,wine,cs,"[0.00307692307692308, 0.13067307692307692, 0.2505769230769231, 0.14450549450549457, 0.14450549450549457]",0.003,0.135,0.079,0.868,5.0,0.385,12.015
svc,wine,cs,"[0.12605769230769232, 0.4980769230769231, 0.12913461538461538, 0.14758241758241764, 0.42813186813186815]",0.126,0.266,0.163,0.736,5.4,0.415,8.696
knn,wine,ga,"[0.00307692307692308, 0.00230769230769231, 0.1268269230769231, 0.14450549450549457, 0.14296703296703303]",0.002,0.084,0.067,0.918,3.4,0.262,15.253
svc,wine,ga,"[0.2505769230769231, 0.6202884615384615, 0.37355769230769226, 0.14296703296703303, 0.8524175824175825]",0.143,0.448,0.257,0.55,3.2,0.246,10.659
knn,wine,ba,"[0.12759615384615386, 0.49961538461538463, 0.00307692307692308, 0.00461538461538462, 0.14604395604395612]",0.003,0.156,0.182,0.846,5.4,0.415,16.456
svc,wine,ba,"[0.25211538461538463, 0.25134615384615383, 0.6225961538461539, 0.8547252747252748, 0.4335164835164836]",0.251,0.483,0.231,0.518,7.2,0.554,11.932
knn,wine,gwo,"[0.00230769230769231, 0.12605769230769232, 0.00230769230769231, 0.4265934065934066, 0.28516483516483515]",0.002,0.168,0.166,0.832,3.0,0.231,33.173
svc,wine,gwo,"[0.00230769230769231, 0.37432692307692306, 0.12605769230769232, 0.850879120879121, 0.28516483516483515]",0.002,0.328,0.291,0.671,3.2,0.246,24.015
knn,wine,abco,"[0.00230769230769231, 0.24980769230769231, 0.12836538461538463, 0.14527472527472535, 0.14527472527472535]",0.002,0.134,0.079,0.868,4.4,0.338,55.53
svc,wine,abco,"[0.00230769230769231, 0.6210576923076924, 0.25134615384615383, 0.9953846153846154, 0.7102197802197803]",0.002,0.516,0.35,0.482,4.4,0.338,39.724
knn,ionosphere,fa,"[0.270764705882353, 0.1464285714285715, 0.2887394957983193, 0.21802521008403364, 0.14672268907563032]",0.146,0.214,0.06,0.79,19.6,0.576,2.05
svc,ionosphere,fa,"[0.07129411764705881, 0.00470588235294118, 0.3591596638655462, 0.07571428571428569, 0.0052941176470588285]",0.005,0.103,0.132,0.901,17.6,0.518,1.629
knn,ionosphere,da,"[0.4051176470588236, 0.29138655462184876, 0.15054621848739502, 0.2916806722689076, 0.14701680672268913]",0.147,0.257,0.098,0.749,28.0,0.824,6.193
svc,ionosphere,da,"[0.07570588235294118, 0.15054621848739502, 0.00852941176470589, 0.1464285714285715, 0.008235294117647066]",0.008,0.078,0.063,0.93,27.6,0.812,10.582
knn,ionosphere,woa,"[0.39982352941176474, 0.07424369747899158, 0.2866806722689076, 0.14554621848739502, 0.21567226890756305]",0.074,0.224,0.113,0.777,12.8,0.376,7.28
svc,ionosphere,woa,"[0.07129411764705881, 0.004117647058823533, 0.14554621848739502, 0.21655462184873953, 0.14495798319327738]",0.004,0.116,0.073,0.887,14.6,0.429,10.996
knn,ionosphere,pso,"[0.2654705882352942, 0.2139075630252101, 0.21420168067226894, 0.07247899159663863, 0.14495798319327738]",0.072,0.182,0.067,0.818,7.2,0.212,5.414
svc,ionosphere,pso,"[0.2648823529411765, 0.07306722689075627, 0.07247899159663863, 0.2846218487394958, 0.4973529411764706]",0.072,0.238,0.158,0.761,6.2,0.182,10.642
knn,ionosphere,goa,"[0.3995294117647059, 0.14554621848739502, 0.28756302521008403, 0.21567226890756305, 0.0745378151260504]",0.075,0.225,0.113,0.777,13.4,0.394,7.734
svc,ionosphere,goa,"[0.13670588235294115, 0.35739495798319326, 0.3576890756302521, 0.00470588235294118, 0.07542016806722687]",0.005,0.186,0.146,0.816,15.0,0.441,12.059
knn,ionosphere,de,"[0.33441176470588235, 0.07483193277310922, 0.5715966386554622, 0.2177310924369748, 0.14613445378151266]",0.075,0.269,0.174,0.733,16.8,0.494,6.281
svc,ionosphere,de,"[0.20270588235294112, 0.21596638655462186, 0.0745378151260504, 0.07483193277310922, 0.07512605042016804]",0.075,0.129,0.066,0.874,14.2,0.418,10.604
knn,ionosphere,cs,"[0.3341176470588236, 0.42869747899159666, 0.35739495798319326, 0.35739495798319326, 0.2860924369747899]",0.286,0.353,0.046,0.648,13.2,0.388,7.617
svc,ionosphere,cs,"[0.4007058823529412, 0.14731092436974796, 0.07600840336134451, 0.14584033613445385, 0.07483193277310922]",0.075,0.169,0.12,0.834,16.6,0.488,13.468
knn,ionosphere,aco,"[0.1985882352941176, 0.424873949579832, 0.14201680672268913, 0.2837394957983193, 0.07130252100840334]",0.071,0.224,0.122,0.774,2.2,0.065,7.058
svc,ionosphere,aco,"[0.19888235294117643, 0.49588235294117644, 0.07130252100840334, 0.0008823529411764714, 0.14201680672268913]",0.001,0.182,0.171,0.817,2.6,0.076,13.338
knn,ionosphere,ga,"[0.06688235294117646, 0.21361344537815127, 0.1428991596638656, 0.1428991596638656, 0.42605042016806727]",0.067,0.198,0.123,0.801,4.8,0.141,9.757
svc,ionosphere,ga,"[0.20005882352941173, 0.001470588235294119, 0.14319327731092443, 0.07159663865546216, 0.28403361344537814]",0.001,0.14,0.098,0.86,5.0,0.147,17.953
knn,ionosphere,ba,"[0.2032941176470588, 0.289327731092437, 0.21831932773109247, 0.07689075630252099, 0.35857142857142854]",0.077,0.229,0.094,0.774,19.8,0.582,10.639
svc,ionosphere,ba,"[0.13699999999999998, 0.2869747899159664, 0.07512605042016804, 0.07512605042016804, 0.07659663865546217]",0.075,0.13,0.082,0.873,16.2,0.476,19.733
knn,ionosphere,gwo,"[0.19947058823529407, 0.0721848739495798, 0.14231092436974796, 0.4964705882352941, 0.2837394957983193]",0.072,0.239,0.146,0.76,4.2,0.124,21.412
svc,ionosphere,gwo,"[0.06717647058823528, 0.07159663865546216, 0.07189075630252098, 0.35504201680672265, 0.14231092436974796]",0.067,0.142,0.11,0.858,3.8,0.112,39.739
knn,ionosphere,abco,"[0.13699999999999998, 0.35739495798319326, 0.0733613445378151, 0.14554621848739502, 0.14525210084033618]",0.073,0.172,0.097,0.83,13.2,0.388,34.72
svc,ionosphere,abco,"[0.071, 0.2860924369747899, 0.0745378151260504, 0.07483193277310922, 0.07394957983193275]",0.071,0.116,0.085,0.887,13.2,0.388,62.447
knn,parkinsons,fa,"[0.2525, 0.25113636363636366, 0.37852272727272723, 0.3767045454545454, 0.2534090909090909]",0.251,0.302,0.061,0.7,12.0,0.545,2.483
svc,parkinsons,fa,"[0.12829545454545455, 0.2515909090909091, 0.25295454545454543, 0.2520454545454546, 0.1278409090909091]",0.128,0.203,0.061,0.8,10.0,0.455,1.366
knn,parkinsons,da,"[0.13193181818181818, 0.3789772727272727, 0.5031818181818182, 0.009545454545454555, 0.25113636363636366]",0.01,0.255,0.175,0.75,16.4,0.745,5.796
svc,parkinsons,da,"[0.25386363636363635, 0.38125, 0.25386363636363635, 0.3771590909090909, 0.1278409090909091]",0.128,0.279,0.094,0.725,14.4,0.655,6.629
knn,parkinsons,woa,"[0.004090909090909095, 0.24977272727272729, 0.24977272727272729, 0.12693181818181817, 0.37443181818181814]",0.004,0.201,0.126,0.8,6.6,0.3,6.285
svc,parkinsons,woa,"[0.12829545454545455, 0.00181818181818182, 0.00181818181818182, 0.1260227272727273, 0.37352272727272723]",0.002,0.126,0.136,0.875,5.6,0.255,6.949
knn,parkinsons,pso,"[0.24977272727272729, 0.3721590909090909, 0.24886363636363637, 0.12556818181818183, 0.6196590909090909]",0.126,0.323,0.167,0.675,3.2,0.145,5.161
svc,parkinsons,pso,"[0.12465909090909091, 0.24795454545454546, 0.00090909090909091, 0.2484090909090909, 0.12465909090909091]",0.001,0.149,0.093,0.85,1.8,0.082,5.98
knn,parkinsons,goa,"[0.12738636363636363, 0.00363636363636364, 0.49954545454545457, 0.1278409090909091, 0.2565909090909091]",0.004,0.203,0.168,0.8,11.0,0.5,6.874
svc,parkinsons,goa,"[0.37534090909090906, 0.0031818181818181845, 0.37352272727272723, 0.3739772727272727, 0.2506818181818182]",0.003,0.275,0.144,0.725,6.8,0.309,7.446
knn,parkinsons,de,"[0.25113636363636366, 0.12693181818181817, 0.00454545454545455, 0.37534090909090906, 0.37488636363636363]",0.005,0.227,0.144,0.775,8.4,0.382,5.787
svc,parkinsons,de,"[0.24931818181818183, 0.25113636363636366, 0.3730681818181818, 0.12693181818181817, 0.12738636363636363]",0.127,0.226,0.092,0.775,6.2,0.282,6.509
knn,parkinsons,cs,"[0.37352272727272723, 0.3771590909090909, 0.24886363636363637, 0.2534090909090909, 0.12965909090909092]",0.13,0.277,0.092,0.725,9.4,0.427,7.138
svc,parkinsons,cs,"[0.25386363636363635, 0.13011363636363638, 0.24977272727272729, 0.13011363636363638, 0.24977272727272729]",0.13,0.203,0.059,0.8,10.4,0.473,8.501
knn,parkinsons,aco,"[0.12511363636363637, 0.0013636363636363648, 0.3721590909090909, 0.3721590909090909, 0.4959090909090909]",0.001,0.273,0.182,0.725,2.4,0.109,6.258
svc,parkinsons,aco,"[0.12420454545454546, 0.4954545454545454, 0.24795454545454546, 0.6196590909090909, 0.12420454545454546]",0.124,0.322,0.201,0.675,1.2,0.055,6.762
knn,parkinsons,ga,"[0.0013636363636363648, 0.12465909090909091, 0.3721590909090909, 0.00090909090909091, 0.12420454545454546]",0.001,0.125,0.135,0.875,2.0,0.091,9.257
svc,parkinsons,ga,"[0.49636363636363634, 0.000454545454545455, 0.24795454545454546, 0.000454545454545455, 0.24795454545454546]",0.0,0.199,0.186,0.8,1.4,0.064,10.835
knn,parkinsons,ba,"[0.2520454545454546, 0.12829545454545455, 0.1310227272727273, 0.1278409090909091, 0.3776136363636363]",0.128,0.203,0.099,0.8,11.8,0.536,10.362
svc,parkinsons,ba,"[0.25295454545454543, 0.2515909090909091, 0.25477272727272726, 0.25113636363636366, 0.49863636363636366]",0.251,0.302,0.098,0.7,10.6,0.482,12.083
knn,parkinsons,gwo,"[0.1260227272727273, 0.00090909090909091, 0.12511363636363637, 0.00090909090909091, 0.3721590909090909]",0.001,0.125,0.136,0.875,2.8,0.127,20.977
svc,parkinsons,gwo,"[0.0013636363636363648, 0.2484090909090909, 0.2484090909090909, 0.2484090909090909, 0.2484090909090909]",0.001,0.199,0.099,0.8,2.2,0.1,24.198
knn,parkinsons,abco,"[0.25113636363636366, 0.13011363636363638, 0.37625, 0.37579545454545454, 0.49818181818181817]",0.13,0.326,0.125,0.675,10.0,0.455,32.563
svc,parkinsons,abco,"[0.12693181818181817, 0.2506818181818182, 0.3739772727272727, 0.37443181818181814, 0.1260227272727273]",0.126,0.25,0.111,0.75,6.4,0.291,39.121
knn,spectf-heart,fa,"[0.3608441558441558, 0.42974025974025976, 0.5006818181818182, 0.2889935064935065, 0.21759740259740262]",0.218,0.36,0.1,0.643,26.4,0.6,1.984
svc,spectf-heart,fa,"[0.14529220779220786, 0.28694805194805195, 0.216461038961039, 0.21691558441558445, 0.14597402597402603]",0.145,0.202,0.053,0.8,19.0,0.432,1.877
knn,spectf-heart,da,"[0.14574675324675332, 0.221461038961039, 0.3581168831168831, 0.42814935064935067, 0.35902597402597397]",0.146,0.302,0.103,0.7,24.2,0.55,6.077
svc,spectf-heart,da,"[0.3576623376623376, 0.2871753246753247, 0.2876298701298701, 0.28785714285714287, 0.49954545454545457]",0.287,0.344,0.082,0.657,20.0,0.455,13.145
knn,spectf-heart,pso,"[0.14597402597402603, 0.427922077922078, 0.42974025974025976, 0.21623376623376625, 0.35607142857142854]",0.146,0.315,0.115,0.686,17.8,0.405,5.275
svc,spectf-heart,pso,"[0.28285714285714286, 0.21237012987012988, 0.2830844155844156, 0.1414285714285715, 0.3537987012987013]",0.141,0.255,0.072,0.743,0.6,0.014,13.0
knn,spectf-heart,woa,"[0.42951298701298707, 0.2883116883116883, 0.1466558441558442, 0.2887662337662338, 0.216461038961039]",0.147,0.274,0.094,0.729,23.0,0.523,7.485
svc,spectf-heart,woa,"[0.22055194805194808, 0.3628896103896104, 0.5745779220779221, 0.4975, 0.28535714285714286]",0.221,0.388,0.131,0.614,27.8,0.632,14.255
knn,spectf-heart,de,"[0.21805194805194808, 0.28853896103896104, 0.4299675324675325, 0.07639610389610388, 0.216461038961039]",0.076,0.246,0.115,0.757,24.0,0.545,6.173
svc,spectf-heart,de,"[0.22100649350649354, 0.21487012987012988, 0.49818181818181817, 0.14506493506493512, 0.4979545454545454]",0.145,0.315,0.152,0.686,18.8,0.427,13.384
knn,spectf-heart,cs,"[0.36107142857142854, 0.28740259740259744, 0.36016233766233763, 0.0052272727272727314, 0.21759740259740262]",0.005,0.246,0.132,0.757,25.8,0.586,7.434
svc,spectf-heart,cs,"[0.2921753246753247, 0.49772727272727274, 0.21487012987012988, 0.35607142857142854, 0.14370129870129877]",0.144,0.301,0.122,0.7,17.2,0.391,17.191
knn,spectf-heart,aco,"[0.35402597402597397, 0.2833116883116883, 0.566396103896104, 0.35402597402597397, 0.42474025974025975]",0.283,0.396,0.096,0.6,2.2,0.05,7.978
svc,spectf-heart,aco,"[0.28285714285714286, 0.28285714285714286, 0.35357142857142854, 0.21214285714285716, 0.4242857142857143]",0.212,0.311,0.072,0.686,0.0,0.0,14.27
knn,spectf-heart,goa,"[0.14756493506493512, 0.3583441558441558, 0.35902597402597397, 0.3587987012987013, 0.21759740259740262]",0.148,0.288,0.089,0.714,23.8,0.541,8.961
svc,spectf-heart,goa,"[0.2858116883116883, 0.14438311688311695, 0.3567532467532467, 0.07389610389610388, 0.35607142857142854]",0.074,0.243,0.115,0.757,13.0,0.295,16.419
knn,spectf-heart,ga,"[0.0741233766233766, 0.2867207792207792, 0.07435064935064933, 0.42814935064935067, 0.28535714285714286]",0.074,0.23,0.137,0.771,15.2,0.345,9.214
svc,spectf-heart,ga,"[0.35357142857142854, 0.35357142857142854, 0.35357142857142854, 0.35357142857142854, 0.21214285714285716]",0.212,0.325,0.057,0.671,0.0,0.0,22.889
.137226152420045,spectf-heart,ga,,,,,,,,
knn,spectf-heart,ba,"[0.5011363636363636, 0.43064935064935067, 0.21759740259740262, 0.14870129870129878, 0.07639610389610388]",0.076,0.275,0.164,0.729,27.2,0.618,10.274
svc,spectf-heart,ba,"[0.29240259740259744, 0.3581168831168831, 0.3574350649350649, 0.216461038961039, 0.14551948051948058]",0.146,0.274,0.083,0.729,23.2,0.527,25.159
knn,spectf-heart,gwo,"[0.2864935064935065, 0.28444805194805195, 0.3562987012987013, 0.21487012987012988, 0.4274675324675325]",0.215,0.314,0.072,0.686,12.2,0.277,20.86
svc,spectf-heart,gwo,"[0.22032467532467534, 0.28285714285714286, 0.21214285714285716, 0.21214285714285716, 0.28285714285714286]",0.212,0.242,0.033,0.757,7.2,0.164,46.024
knn,spectf-heart,abco,"[0.35652597402597397, 0.2896753246753247, 0.2166883116883117, 0.3583441558441558, 0.28944805194805195]",0.217,0.302,0.052,0.7,22.6,0.514,33.623
svc,spectf-heart,abco,"[0.29262987012987013, 0.28535714285714286, 0.21464285714285716, 0.2855844155844156, 0.2855844155844156]",0.215,0.273,0.029,0.729,17.8,0.405,79.071
knn,zoo,fa,"[0.0052941176470588285, 0.25279411764705884, 0.0035294117647058855, 0.25338235294117645, 0.9941176470588236]",0.004,0.302,0.364,0.7,8.2,0.482,1.245
svc,zoo,fa,"[0.5992941176470588, 0.5008823529411764, 0.7466176470588235, 0.5008823529411764, 0.0052941176470588285]",0.005,0.471,0.249,0.53,9.0,0.529,0.941
knn,zoo,da,"[0.40188235294117647, 0.25338235294117645, 0.5002941176470588, 0.25161764705882356, 0.25220588235294117]",0.252,0.332,0.102,0.67,8.8,0.518,5.707
svc,zoo,da,"[0.40188235294117647, 0.25279411764705884, 0.49911764705882355, 0.7466176470588235, 0.2539705882352941]",0.253,0.431,0.183,0.57,8.8,0.518,6.449
knn,zoo,woa,"[0.2032941176470588, 0.4985294117647059, 0.00235294117647059, 0.4985294117647059, 0.25161764705882356]",0.002,0.291,0.189,0.71,6.4,0.376,5.933
svc,zoo,woa,"[0.20094117647058818, 0.49911764705882355, 0.4979411764705882, 0.0035294117647058855, 0.7454411764705882]",0.004,0.389,0.259,0.61,5.6,0.329,6.498
knn,zoo,goa,"[0.20152941176470585, 0.49911764705882355, 0.006470588235294124, 0.006470588235294124, 0.0052941176470588285]",0.005,0.144,0.193,0.86,8.8,0.518,6.257
svc,zoo,goa,"[0.5981176470588235, 0.25220588235294117, 0.4985294117647059, 0.25220588235294117, 0.7472058823529412]",0.252,0.47,0.194,0.53,7.4,0.435,6.999
knn,zoo,pso,"[0.39894117647058824, 0.00235294117647059, 0.7448529411764705, 0.49676470588235294, 0.24985294117647058]",0.002,0.379,0.248,0.62,4.0,0.235,4.999
svc,zoo,pso,"[0.00235294117647059, 0.00235294117647059, 0.24926470588235294, 0.24926470588235294, 0.0035294117647058855]",0.002,0.101,0.121,0.9,4.0,0.235,5.37
knn,zoo,aco,"[0.39835294117647063, 0.49676470588235294, 0.7436764705882353, 0.0017647058823529428, 0.49558823529411766]",0.002,0.427,0.241,0.57,2.6,0.153,5.695
svc,zoo,aco,"[0.39776470588235296, 0.49676470588235294, 0.7442647058823528, 0.24926470588235294, 0.24926470588235294]",0.249,0.427,0.184,0.57,3.0,0.176,5.898
knn,zoo,de,"[0.0035294117647058855, 0.2504411764705882, 0.7472058823529412, 0.24985294117647058, 0.49911764705882355]",0.004,0.35,0.253,0.65,6.0,0.353,5.628
svc,zoo,de,"[0.4001176470588236, 0.49911764705882355, 0.2510294117647059, 0.7448529411764705, 0.7466176470588235]",0.251,0.528,0.194,0.47,6.2,0.365,6.188
knn,zoo,cs,"[0.20094117647058818, 0.24985294117647058, 0.7460294117647058, 0.2504411764705882, 0.2504411764705882]",0.201,0.34,0.204,0.66,5.0,0.294,7.439
svc,zoo,cs,"[0.20094117647058818, 0.007647058823529418, 0.24926470588235294, 0.2539705882352941, 0.007647058823529418]",0.008,0.144,0.113,0.86,9.0,0.529,8.324
knn,zoo,ga,"[0.3995294117647059, 0.00235294117647059, 0.7430882352941176, 0.7448529411764705, 0.4973529411764706]",0.002,0.477,0.274,0.52,3.8,0.224,9.135
svc,zoo,ga,"[0.20094117647058818, 0.00235294117647059, 0.7442647058823528, 0.7442647058823528, 0.0017647058823529428]",0.002,0.339,0.339,0.66,3.6,0.212,9.724
knn,zoo,ba,"[0.3995294117647059, 0.25279411764705884, 0.0035294117647058855, 0.7466176470588235, 0.4985294117647059]",0.004,0.38,0.248,0.62,6.8,0.4,10.144
svc,zoo,ba,"[0.4001176470588236, 0.5014705882352941, 0.49911764705882355, 0.25161764705882356, 0.4979411764705882]",0.252,0.43,0.097,0.57,7.4,0.435,11.769
knn,zoo,gwo,"[0.20152941176470585, 0.002941176470588238, 0.49676470588235294, 0.25161764705882356, 0.24985294117647058]",0.003,0.241,0.157,0.76,5.0,0.294,20.22
svc,zoo,gwo,"[0.39894117647058824, 0.4973529411764706, 0.4979411764705882, 0.24985294117647058, 0.24985294117647058]",0.25,0.379,0.111,0.62,4.4,0.259,21.703
knn,zoo,abco,"[0.39776470588235296, 0.25220588235294117, 0.4979411764705882, 0.0052941176470588285, 0.9929411764705882]",0.005,0.429,0.327,0.57,6.0,0.353,33.692
svc,zoo,abco,"[0.4001176470588236, 0.25161764705882356, 0.5008823529411764, 0.7448529411764705, 0.7454411764705882]",0.252,0.529,0.194,0.47,6.6,0.388,38.645
knn,dermatology,fa,"[0.07188235294117647, 0.007058823529411771, 0.13729411764705882, 0.13876470588235293, 0.2035882352941176]",0.007,0.112,0.067,0.893,20.8,0.612,1.238
svc,dermatology,fa,"[0.0055882352941176525, 0.13699999999999998, 0.13729411764705882, 0.20299999999999996, 0.0061764705882353]",0.006,0.098,0.079,0.907,18.4,0.541,2.691
knn,dermatology,pso,"[0.1346470588235294, 0.1349411764705882, 0.201235294117647, 0.201235294117647, 0.26605882352941185]",0.135,0.188,0.049,0.813,9.6,0.282,5.335
svc,dermatology,pso,"[0.20005882352941173, 0.20035294117647054, 0.06952941176470588, 0.00235294117647059, 0.20064705882352937]",0.002,0.135,0.083,0.867,8.8,0.259,12.837
knn,dermatology,da,"[0.07247058823529412, 0.13670588235294115, 0.2740000000000001, 0.2734117647058824, 0.33882352941176475]",0.072,0.219,0.099,0.787,26.8,0.788,5.729
svc,dermatology,da,"[0.20682352941176466, 0.27252941176470596, 0.406, 0.07511764705882353, 0.07188235294117647]",0.072,0.206,0.126,0.8,28.8,0.847,17.106
knn,dermatology,woa,"[0.07158823529411765, 0.20270588235294112, 0.0698235294117647, 0.07041176470588234, 0.20270588235294112]",0.07,0.123,0.065,0.88,15.8,0.465,6.447
svc,dermatology,woa,"[0.39982352941176474, 0.13552941176470587, 0.26870588235294124, 0.20241176470588232, 0.13729411764705882]",0.136,0.229,0.099,0.773,14.8,0.435,16.866
knn,dermatology,de,"[0.07158823529411765, 0.13729411764705882, 0.004411764705882356, 0.26752941176470596, 0.06923529411764705]",0.004,0.11,0.089,0.893,15.0,0.441,6.043
svc,dermatology,de,"[0.13788235294117646, 0.07011764705882352, 0.07041176470588234, 0.07041176470588234, 0.071]",0.07,0.084,0.027,0.92,16.2,0.476,15.475
knn,dermatology,goa,"[0.26870588235294124, 0.3341176470588236, 0.07217647058823529, 0.2692941176470589, 0.13699999999999998]",0.072,0.216,0.096,0.787,17.2,0.506,7.64
svc,dermatology,goa,"[0.13699999999999998, 0.33588235294117647, 0.270764705882353, 0.1361176470588235, 0.0052941176470588285]",0.005,0.177,0.116,0.827,18.4,0.541,18.744
knn,dermatology,aco,"[0.001176470588235295, 0.13288235294117645, 0.26517647058823535, 0.3971764705882353, 0.3971764705882353]",0.001,0.239,0.154,0.76,3.8,0.112,7.092
svc,dermatology,aco,"[0.2648823529411765, 0.3971764705882353, 0.19947058823529407, 0.26517647058823535, 0.0017647058823529428]",0.002,0.226,0.129,0.773,4.4,0.129,17.179
knn,dermatology,cs,"[0.1361176470588235, 0.004117647058823533, 0.13582352941176468, 0.20241176470588232, 0.3355882352941177]",0.004,0.163,0.108,0.84,15.0,0.441,7.741
svc,dermatology,cs,"[0.20299999999999996, 0.20299999999999996, 0.0061764705882353, 0.07041176470588234, 0.13729411764705882]",0.006,0.124,0.077,0.88,17.6,0.518,20.636
knn,dermatology,ga,"[0.06923529411764705, 0.06835294117647057, 0.1349411764705882, 0.06894117647058823, 0.06894117647058823]",0.068,0.082,0.026,0.92,9.8,0.288,9.296
svc,dermatology,ga,"[0.13552941176470587, 0.265764705882353, 0.1349411764705882, 0.20064705882352937, 0.20064705882352937]",0.135,0.188,0.049,0.813,9.2,0.271,25.528
knn,dermatology,ba,"[0.2035882352941176, 0.335, 0.007058823529411771, 0.27017647058823535, 0.26958823529411774]",0.007,0.217,0.113,0.787,20.0,0.588,10.29
svc,dermatology,ba,"[0.07158823529411765, 0.007058823529411771, 0.13670588235294115, 0.07158823529411765, 0.2692941176470589]",0.007,0.111,0.089,0.893,19.2,0.565,31.923
knn,dermatology,gwo,"[0.3320588235294118, 0.20152941176470585, 0.1334705882352941, 0.0026470588235294142, 0.06805882352941175]",0.003,0.148,0.114,0.853,8.0,0.235,20.672
svc,dermatology,gwo,"[0.20035294117647054, 0.13376470588235292, 0.06864705882352941, 0.13435294117647056, 0.33235294117647063]",0.069,0.174,0.09,0.827,7.8,0.229,52.835
knn,dermatology,abco,"[0.20241176470588232, 0.20241176470588232, 0.2684117647058824, 0.1361176470588235, 0.07217647058823529]",0.072,0.176,0.067,0.827,16.0,0.471,33.533
svc,dermatology,abco,"[0.26752941176470596, 0.13582352941176468, 0.2681176470588236, 0.20152941176470585, 0.004411764705882356]",0.004,0.175,0.099,0.827,13.2,0.388,102.391
knn,wdbc,fa,"[0.0050000000000000044, 0.1327971014492754, 0.17684057971014494, 0.09142028985507253, 0.13813043478260872]",0.005,0.109,0.059,0.896,16.6,0.553,1.656
svc,wdbc,fa,"[0.04804347826086954, 0.22021739130434778, 0.04804347826086954, 0.09042028985507253, 0.13446376811594205]",0.048,0.108,0.064,0.896,14.8,0.493,2.33
knn,wdbc,de,"[0.04637681159420287, 0.09008695652173919, 0.09042028985507253, 0.09075362318840585, 0.09008695652173919]",0.046,0.082,0.018,0.922,12.2,0.407,6.259
svc,wdbc,de,"[0.09042028985507253, 0.0050000000000000044, 0.1755072463768116, 0.08942028985507253, 0.04671014492753621]",0.005,0.081,0.057,0.922,11.8,0.393,10.744
knn,wdbc,goa,"[0.04704347826086954, 0.04637681159420287, 0.0040000000000000036, 0.04737681159420287, 0.17584057971014494]",0.004,0.064,0.058,0.939,11.6,0.387,7.522
svc,wdbc,goa,"[0.13313043478260872, 0.21921739130434778, 0.1327971014492754, 0.13246376811594204, 0.22121739130434778]",0.132,0.168,0.043,0.835,12.6,0.42,12.487
knn,wdbc,da,"[0.04737681159420287, 0.13846376811594205, 0.05237681159420288, 0.13713043478260872, 0.005333333333333338]",0.005,0.076,0.053,0.93,21.8,0.727,5.993
svc,wdbc,da,"[0.09575362318840586, 0.09442028985507253, 0.052043478260869545, 0.09375362318840585, 0.04837681159420287]",0.048,0.077,0.022,0.93,24.0,0.8,10.659
knn,wdbc,woa,"[0.1337971014492754, 0.08942028985507253, 0.0040000000000000036, 0.17617391304347826, 0.04704347826086954]",0.004,0.09,0.061,0.913,12.0,0.4,7.514
svc,wdbc,woa,"[0.08842028985507253, 0.04771014492753621, 0.13246376811594204, 0.04637681159420287, 0.04537681159420287]",0.045,0.072,0.034,0.93,9.6,0.32,12.811
knn,wdbc,pso,"[0.08742028985507252, 0.1297971014492754, 0.08708695652173919, 0.04371014492753621, 0.08675362318840585]",0.044,0.087,0.027,0.913,2.6,0.087,5.995
svc,wdbc,pso,"[0.04471014492753621, 0.04437681159420287, 0.0010000000000000009, 0.04371014492753621, 0.08708695652173919]",0.001,0.044,0.027,0.957,3.4,0.113,12.471
knn,wdbc,cs,"[0.17684057971014494, 0.22421739130434779, 0.050043478260869544, 0.09075362318840585, 0.09275362318840585]",0.05,0.127,0.064,0.878,19.2,0.64,8.693
svc,wdbc,cs,"[0.04671014492753621, 0.04637681159420287, 0.09108695652173919, 0.09042028985507253, 0.2195507246376811]",0.046,0.099,0.064,0.904,12.4,0.413,16.728
knn,wdbc,aco,"[0.13013043478260872, 0.04371014492753621, 0.2595942028985508, 0.08675362318840585, 0.1297971014492754]",0.044,0.13,0.072,0.87,2.6,0.087,6.846
svc,wdbc,aco,"[0.04371014492753621, 0.17284057971014494, 0.08675362318840585, 0.08675362318840585, 0.08708695652173919]",0.044,0.095,0.042,0.904,2.2,0.073,17.83
knn,wdbc,ga,"[0.04471014492753621, 0.04471014492753621, 0.0020000000000000018, 0.04471014492753621, 0.04504347826086954]",0.002,0.036,0.017,0.965,5.4,0.18,9.641
svc,wdbc,ga,"[0.08775362318840585, 0.08775362318840585, 0.08742028985507252, 0.21588405797101445, 0.13113043478260872]",0.087,0.122,0.05,0.878,4.4,0.147,24.78
knn,wdbc,ba,"[0.04771014492753621, 0.13446376811594205, 0.13546376811594205, 0.04904347826086954, 0.13346376811594204]",0.048,0.1,0.042,0.904,16.0,0.533,10.59
svc,wdbc,ba,"[0.04704347826086954, 0.13446376811594205, 0.04804347826086954, 0.13446376811594205, 0.04837681159420287]",0.047,0.082,0.042,0.922,15.0,0.5,21.906
knn,wdbc,gwo,"[0.0013333333333333346, 0.08708695652173919, 0.08742028985507252, 0.0010000000000000009, 0.17317391304347826]",0.001,0.07,0.064,0.93,3.4,0.113,21.838
svc,wdbc,gwo,"[0.04404347826086954, 0.04404347826086954, 0.21688405797101445, 0.08775362318840585, 0.0006666666666666673]",0.001,0.079,0.074,0.922,3.6,0.12,48.307
knn,wdbc,abco,"[0.13246376811594204, 0.0036666666666666696, 0.08942028985507253, 0.08942028985507253, 0.09042028985507253]",0.004,0.081,0.042,0.922,10.8,0.36,36.586
svc,wdbc,abco,"[0.09008695652173919, 0.13313043478260872, 0.1337971014492754, 0.0046666666666666705, 0.08908695652173919]",0.005,0.09,0.047,0.913,12.2,0.407,70.075
knn,ecoli,fa,"[0.29000000000000004, 0.1514285714285715, 0.2178571428571429, 0.2192857142857143, 0.14857142857142863]",0.149,0.205,0.052,0.8,5.2,0.743,1.664
svc,ecoli,fa,"[0.2178571428571429, 0.22214285714285717, 0.2178571428571429, 0.29285714285714287, 0.2178571428571429]",0.218,0.234,0.03,0.771,5.2,0.743,1.307
knn,ecoli,goa,"[0.22214285714285717, 0.15000000000000008, 0.43428571428571433, 0.2192857142857143, 0.2192857142857143]",0.15,0.249,0.097,0.757,6.0,0.857,11.161
svc,ecoli,goa,"[0.22071428571428575, 0.22214285714285717, 0.29285714285714287, 0.2914285714285714, 0.22071428571428575]",0.221,0.25,0.035,0.757,6.4,0.914,9.604
knn,ecoli,woa,"[0.3607142857142857, 0.1514285714285715, 0.2914285714285714, 0.29285714285714287, 0.2178571428571429]",0.151,0.263,0.072,0.743,5.8,0.829,10.806
svc,ecoli,woa,"[0.3578571428571428, 0.2192857142857143, 0.1514285714285715, 0.2192857142857143, 0.2192857142857143]",0.151,0.233,0.068,0.771,5.0,0.714,9.307
knn,ecoli,da,"[0.3578571428571428, 0.1514285714285715, 0.2914285714285714, 0.2178571428571429, 0.29285714285714287]",0.151,0.262,0.071,0.743,5.4,0.771,11.188
svc,ecoli,da,"[0.29285714285714287, 0.0807142857142857, 0.010000000000000009, 0.5007142857142857, 0.3607142857142857]",0.01,0.249,0.181,0.757,6.0,0.857,9.952
knn,ecoli,pso,"[0.0764285714285714, 0.3607142857142857, 0.2885714285714286, 0.07785714285714283, 0.2192857142857143]",0.076,0.205,0.113,0.8,4.6,0.657,10.595
svc,ecoli,pso,"[0.14857142857142863, 0.5728571428571428, 0.43428571428571433, 0.2914285714285714, 0.4314285714285715]",0.149,0.376,0.144,0.629,5.6,0.8,8.808
knn,ecoli,de,"[0.43000000000000005, 0.2178571428571429, 0.2192857142857143, 0.4285714285714286, 0.5021428571428571]",0.218,0.36,0.118,0.643,4.2,0.6,10.962
svc,ecoli,de,"[0.2914285714285714, 0.22214285714285717, 0.07928571428571426, 0.22071428571428575, 0.15000000000000008]",0.079,0.193,0.072,0.814,6.2,0.886,9.198
knn,ecoli,aco,"[0.14714285714285721, 0.07499999999999998, 0.2178571428571429, 0.07499999999999998, 0.35928571428571426]",0.075,0.175,0.106,0.829,3.6,0.514,10.79
svc,ecoli,aco,"[0.005714285714285719, 0.21642857142857144, 0.35928571428571426, 0.14714285714285721, 0.2885714285714286]",0.006,0.203,0.122,0.8,3.8,0.543,9.965
knn,ecoli,cs,"[0.1514285714285715, 0.22071428571428575, 0.4314285714285715, 0.36357142857142855, 0.07785714285714283]",0.078,0.249,0.131,0.757,6.0,0.857,14.869
svc,ecoli,cs,"[0.0807142857142857, 0.2914285714285714, 0.22214285714285717, 0.2178571428571429, 0.1514285714285715]",0.081,0.193,0.071,0.814,6.2,0.886,12.716
knn,ecoli,ga,"[0.14714285714285721, 0.3607142857142857, 0.2885714285714286, 0.4285714285714286, 0.28714285714285714]",0.147,0.302,0.094,0.7,3.8,0.543,18.785
svc,ecoli,ga,"[0.21642857142857144, 0.4992857142857143, 0.21642857142857144, 0.15000000000000008, 0.22071428571428575]",0.15,0.261,0.122,0.743,4.2,0.6,16.199
2857,ecoli,ga,16.043249797821044,,,,,,,
knn,ecoli,ba,"[0.29285714285714287, 0.2914285714285714, 0.07928571428571426, 0.29000000000000004, 0.6435714285714285]",0.079,0.319,0.182,0.686,5.8,0.829,21.337
svc,ecoli,ba,"[0.1514285714285715, 0.14857142857142863, 0.2914285714285714, 0.15000000000000008, 0.43428571428571433]",0.149,0.235,0.114,0.771,6.2,0.886,17.896
knn,ecoli,gwo,"[0.22071428571428575, 0.07928571428571426, 0.35928571428571426, 0.2178571428571429, 0.0764285714285714]",0.076,0.191,0.105,0.814,4.8,0.686,40.582
svc,ecoli,gwo,"[0.4314285714285715, 0.1514285714285715, 0.35928571428571426, 0.3607142857142857, 0.14714285714285721]",0.147,0.29,0.118,0.714,5.0,0.714,34.656
knn,ecoli,abco,"[0.2178571428571429, 0.4992857142857143, 0.22071428571428575, 0.22071428571428575, 0.2192857142857143]",0.218,0.276,0.112,0.729,4.8,0.686,67.439
svc,ecoli,abco,"[0.07499999999999998, 0.43000000000000005, 0.2914285714285714, 0.14857142857142863, 0.15000000000000008]",0.075,0.219,0.127,0.786,4.8,0.686,59.372
knn,sonar,fa,"[0.336, 0.22666666666666666, 0.2268333333333333, 0.4466666666666666, 0.44649999999999995]",0.227,0.337,0.098,0.667,39.2,0.653,2.209
svc,sonar,fa,"[0.005833333333333339, 0.557, 0.6658333333333334, 0.44549999999999995, 0.33566666666666667]",0.006,0.402,0.227,0.6,35.8,0.597,2.162
knn,sonar,pso,"[0.22416666666666665, 0.4443333333333333, 0.33333333333333337, 0.33366666666666667, 0.11300000000000004]",0.113,0.29,0.112,0.711,22.2,0.37,5.309
svc,sonar,pso,"[0.22299999999999998, 0.5535, 0.4426666666666666, 0.4421666666666666, 0.4428333333333333]",0.223,0.421,0.108,0.578,17.0,0.283,8.924
knn,sonar,da,"[0.44899999999999995, 0.2253333333333333, 0.11900000000000005, 0.5595000000000001, 0.4448333333333333]",0.119,0.36,0.162,0.644,45.2,0.753,6.722
svc,sonar,da,"[0.2248333333333333, 0.44899999999999995, 0.2293333333333333, 0.4451666666666666, 0.3395]",0.225,0.338,0.098,0.667,45.4,0.757,10.153
knn,sonar,de,"[0.11500000000000005, 0.4456666666666666, 0.6663333333333333, 0.5553333333333333, 0.7758333333333334]",0.115,0.512,0.227,0.489,33.8,0.563,6.681
svc,sonar,de,"[0.2248333333333333, 0.33466666666666667, 0.33566666666666667, 0.4456666666666666, 0.5556666666666668]",0.225,0.379,0.112,0.622,31.8,0.53,10.437
knn,sonar,goa,"[0.22449999999999998, 0.6645000000000001, 0.22416666666666665, 0.335, 0.22466666666666665]",0.224,0.335,0.17,0.667,27.4,0.457,9.774
svc,sonar,goa,"[0.5551666666666667, 0.4446666666666666, 0.5553333333333333, 0.0046666666666666705, 0.11533333333333338]",0.005,0.335,0.231,0.667,30.2,0.503,13.006
knn,sonar,woa,"[0.6648333333333334, 0.22649999999999998, 0.3355, 0.44499999999999995, 0.33466666666666667]",0.226,0.401,0.149,0.6,31.8,0.53,10.251
svc,sonar,woa,"[0.11500000000000005, 0.22499999999999998, 0.4461666666666666, 0.11583333333333339, 0.4441666666666666]",0.115,0.269,0.149,0.733,31.4,0.523,12.455
knn,sonar,cs,"[0.11916666666666671, 0.334, 0.6665000000000001, 0.6648333333333334, 0.22549999999999998]",0.119,0.402,0.226,0.6,36.0,0.6,9.273
svc,sonar,cs,"[0.33616666666666667, 0.6651666666666667, 0.33533333333333337, 0.6643333333333333, 0.22616666666666665]",0.226,0.445,0.183,0.556,32.6,0.543,14.093
knn,sonar,ga,"[0.552, 0.22166666666666665, 0.551, 0.662, 0.4421666666666666]",0.222,0.486,0.149,0.511,10.6,0.177,10.001
svc,sonar,ga,"[0.22166666666666665, 0.33216666666666667, 0.552, 0.11283333333333338, 0.6613333333333333]",0.113,0.376,0.204,0.622,12.0,0.2,16.375
knn,sonar,aco,"[0.22049999999999997, 0.22066666666666665, 0.7703333333333333, 0.44049999999999995, 0.4403333333333333]",0.22,0.418,0.202,0.578,2.8,0.047,10.446
svc,sonar,aco,"[0.33066666666666666, 0.44049999999999995, 0.22016666666666665, 0.4403333333333333, 0.22049999999999997]",0.22,0.33,0.098,0.667,2.6,0.043,13.94
knn,sonar,ba,"[0.22549999999999998, 0.4463333333333333, 0.3365, 0.11666666666666671, 0.336]",0.117,0.292,0.112,0.711,37.2,0.62,10.792
svc,sonar,ba,"[0.336, 0.11633333333333339, 0.5558333333333334, 0.3363333333333334, 0.3358333333333334]",0.116,0.336,0.139,0.667,36.4,0.607,18.175
knn,sonar,gwo,"[0.44199999999999995, 0.333, 0.33066666666666666, 0.11150000000000004, 0.4408333333333333]",0.112,0.332,0.12,0.667,9.6,0.16,21.017
svc,sonar,gwo,"[0.3305, 0.2208333333333333, 0.4416666666666666, 0.5508333333333334, 0.22099999999999997]",0.221,0.353,0.128,0.644,5.8,0.097,35.043
knn,sonar,abco,"[0.33366666666666667, 0.4453333333333333, 0.33333333333333337, 0.2233333333333333, 0.5546666666666668]",0.223,0.378,0.113,0.622,24.4,0.407,36.428
svc,sonar,abco,"[0.33433333333333337, 0.3345, 0.22416666666666665, 0.5545, 0.33416666666666667]",0.224,0.356,0.108,0.644,26.0,0.433,59.469
knn,yeast,fa,"[0.4365, 0.467, 0.5837499999999999, 0.48849999999999993, 0.55075]",0.436,0.505,0.054,0.497,5.6,0.7,3.902
svc,yeast,fa,"[0.48724999999999996, 0.42, 0.439, 0.48724999999999996, 0.37300000000000005]",0.373,0.441,0.043,0.563,7.2,0.9,10.432
knn,yeast,de,"[0.52025, 0.5215, 0.50375, 0.43775, 0.4035]",0.404,0.477,0.048,0.527,7.0,0.875,26.763
svc,yeast,de,"[0.5189999999999999, 0.585, 0.42125, 0.52025, 0.5215]",0.421,0.513,0.052,0.49,6.8,0.85,94.152
knn,yeast,aco,"[0.46825000000000006, 0.55075, 0.40225, 0.5812499999999999, 0.5672499999999999]",0.402,0.514,0.068,0.487,4.6,0.575,29.674
svc,yeast,aco,"[0.45049999999999996, 0.54825, 0.5495, 0.5, 0.46575]",0.45,0.503,0.041,0.497,3.6,0.45,94.802
knn,yeast,pso,"[0.5025, 0.47200000000000003, 0.47200000000000003, 0.538, 0.354]",0.354,0.468,0.062,0.537,7.2,0.9,26.416
svc,yeast,pso,"[0.52025, 0.4365, 0.538, 0.552, 0.604]",0.436,0.53,0.055,0.473,7.0,0.875,95.733
knn,yeast,da,"[0.5215, 0.40475000000000005, 0.4225, 0.571, 0.43775]",0.405,0.472,0.064,0.533,7.6,0.95,27.074
svc,yeast,da,"[0.42125, 0.45549999999999996, 0.42, 0.47075, 0.5189999999999999]",0.42,0.457,0.037,0.547,6.8,0.85,99.124
knn,yeast,goa,"[0.5545, 0.47075, 0.52025, 0.5367500000000001, 0.552]",0.471,0.527,0.031,0.477,7.0,0.875,25.805
svc,yeast,goa,"[0.439, 0.406, 0.45549999999999996, 0.5215, 0.571]",0.406,0.479,0.06,0.527,8.0,1.0,103.467
knn,yeast,woa,"[0.4225, 0.5025, 0.50375, 0.48724999999999996, 0.5837499999999999]",0.422,0.5,0.051,0.503,6.6,0.825,26.871
svc,yeast,woa,"[0.5189999999999999, 0.52025, 0.52025, 0.505, 0.5215]",0.505,0.517,0.006,0.487,7.2,0.9,107.618
knn,yeast,cs,"[0.45549999999999996, 0.4225, 0.538, 0.55325, 0.505]",0.422,0.495,0.049,0.51,7.8,0.975,37.818
svc,yeast,cs,"[0.571, 0.50125, 0.6205, 0.538, 0.47200000000000003]",0.472,0.541,0.052,0.463,7.4,0.925,134.312
knn,yeast,ga,"[0.42125, 0.5215, 0.47075, 0.5367500000000001, 0.37050000000000005]",0.37,0.464,0.062,0.54,7.0,0.875,48.034
svc,yeast,ga,"[0.505, 0.45549999999999996, 0.52025, 0.50375, 0.37175]",0.372,0.471,0.054,0.533,7.4,0.925,162.414
knn,yeast,ba,"[0.6192500000000001, 0.43775, 0.585, 0.4225, 0.5215]",0.422,0.517,0.078,0.487,7.2,0.9,52.337
svc,yeast,ba,"[0.48599999999999993, 0.42, 0.55325, 0.46950000000000003, 0.538]",0.42,0.493,0.048,0.51,6.6,0.825,212.379
knn,yeast,gwo,"[0.4847499999999999, 0.47075, 0.4847499999999999, 0.50375, 0.42]",0.42,0.473,0.028,0.53,6.0,0.75,110.6
svc,yeast,gwo,"[0.5215, 0.45424999999999993, 0.50125, 0.5215, 0.50375]",0.454,0.5,0.025,0.503,7.0,0.875,392.629
knn,yeast,abco,"[0.48849999999999993, 0.505, 0.46950000000000003, 0.45424999999999993, 0.48849999999999993]",0.454,0.481,0.018,0.523,7.4,0.925,163.4
svc,yeast,abco,"[0.5355000000000001, 0.538, 0.538, 0.5874999999999999, 0.505]",0.505,0.541,0.026,0.463,7.6,0.95,618.201
